council_id,council_name,tree_loss_rating,tree_loss_percent,is_tree_loss,is_climate,is_bushfire,bushfire_count,tree_loss_url,carbon_url,biomass_url,bushfire_url
1,Bass Coast Shire,64,3.7,0,1,0,0,This area does not face this threat,"<iframe width=""315"" height=""460"" frameborder=""0"" src=""https://www.globalforestwatch.org/embed/widget/carbonStock/country/AUS/10/5""></iframe>","<iframe width=""315"" height=""460"" frameborder=""0"" src=""https://www.globalforestwatch.org/embed/widget/whrc-biomass/country/AUS/10/5""></iframe>",This area does not face this threat
2,Moira Shire,60,4,0,1,1,31,This area does not face this threat,"<iframe width=""315"" height=""460"" frameborder=""0"" src=""https://www.globalforestwatch.org/embed/widget/carbonStock/country/AUS/10/48""></iframe>","<iframe width=""315"" height=""460"" frameborder=""0"" src=""https://www.globalforestwatch.org/embed/widget/whrc-biomass/country/AUS/10/48""></iframe>","<iframe width=""630"" height=""460"" frameborder=""0"" src=""https://www.globalforestwatch.org/embed/widget/firesAlerts/country/AUS/10/48?firesAlerts=eyJpbnRlcmFjdGlvbiI6e319""></iframe>"
3,Loddon Shire,75,1.9,0,1,1,15,This area does not face this threat,"<iframe width=""315"" height=""460"" frameborder=""0"" src=""https://www.globalforestwatch.org/embed/widget/carbonStock/country/AUS/10/38""></iframe>","<iframe width=""315"" height=""460"" frameborder=""0"" src=""https://www.globalforestwatch.org/embed/widget/whrc-biomass/country/AUS/10/38""></iframe>","<iframe width=""630"" height=""460"" frameborder=""0"" src=""https://www.globalforestwatch.org/embed/widget/firesAlerts/country/AUS/10/38?firesAlerts=eyJpbnRlcmFjdGlvbiI6e319""></iframe>"
4,Hepburn Shire,38,8.1,1,1,1,22,"<iframe width=""630"" height=""460"" frameborder=""0"" src=""https://www.globalforestwatch.org/embed/widget/treeLoss/country/AUS/10/29?treeLoss=eyJpbnRlcmFjdGlvbiI6e319""></iframe>","<iframe width=""315"" height=""460"" frameborder=""0"" src=""https://www.globalforestwatch.org/embed/widget/carbonStock/country/AUS/10/29""></iframe>","<iframe width=""315"" height=""460"" frameborder=""0"" src=""https://www.globalforestwatch.org/embed/widget/whrc-biomass/country/AUS/10/29""></iframe>","<iframe width=""630"" height=""460"" frameborder=""0"" src=""https://www.globalforestwatch.org/embed/widget/firesAlerts/country/AUS/10/29?firesAlerts=eyJpbnRlcmFjdGlvbiI6e319""></iframe>"
5,Mitchell Shire,25,12,1,0,1,50,"<iframe width=""630"" height=""460"" frameborder=""0"" src=""https://www.globalforestwatch.org/embed/widget/treeLoss/country/AUS/10/47?treeLoss=eyJpbnRlcmFjdGlvbiI6e319""></iframe>",This area does not face this threat,This area does not face this threat,"<iframe width=""630"" height=""460"" frameborder=""0"" src=""https://www.globalforestwatch.org/embed/widget/firesAlerts/country/AUS/10/47?firesAlerts=eyJpbnRlcmFjdGlvbiI6e319""></iframe>"
6,Horsham Rural City,11,30,1,1,1,40,"<iframe width=""630"" height=""460"" frameborder=""0"" src=""https://www.globalforestwatch.org/embed/widget/treeLoss/country/AUS/10/32?treeLoss=eyJpbnRlcmFjdGlvbiI6e319""></iframe>","<iframe width=""315"" height=""460"" frameborder=""0"" src=""https://www.globalforestwatch.org/embed/widget/carbonStock/country/AUS/10/32""></iframe>","<iframe width=""315"" height=""460"" frameborder=""0"" src=""https://www.globalforestwatch.org/embed/widget/whrc-biomass/country/AUS/10/32""></iframe>","<iframe width=""630"" height=""460"" frameborder=""0"" src=""https://www.globalforestwatch.org/embed/widget/firesAlerts/country/AUS/10/32?firesAlerts=eyJpbnRlcmFjdGlvbiI6e319""></iframe>"
7,Bayside City,20,15,1,1,0,0,"<iframe width=""630"" height=""460"" frameborder=""0"" src=""https://www.globalforestwatch.org/embed/widget/treeLoss/country/AUS/10/7?treeLoss=eyJpbnRlcmFjdGlvbiI6e319""></iframe>","<iframe width=""315"" height=""460"" frameborder=""0"" src=""https://www.globalforestwatch.org/embed/widget/carbonStock/country/AUS/10/7""></iframe>","<iframe width=""315"" height=""460"" frameborder=""0"" src=""https://www.globalforestwatch.org/embed/widget/whrc-biomass/country/AUS/10/7""></iframe>",This area does not face this threat
8,Greater Dandenong City,15,17,1,1,0,0,"<iframe width=""630"" height=""460"" frameborder=""0"" src=""https://www.globalforestwatch.org/embed/widget/treeLoss/country/AUS/10/26?treeLoss=eyJpbnRlcmFjdGlvbiI6e319""></iframe>","<iframe width=""315"" height=""460"" frameborder=""0"" src=""https://www.globalforestwatch.org/embed/widget/carbonStock/country/AUS/10/26""></iframe>","<iframe width=""315"" height=""460"" frameborder=""0"" src=""https://www.globalforestwatch.org/embed/widget/whrc-biomass/country/AUS/10/26""></iframe>",This area does not face this threat
9,Whitehorse City,55,4.4,0,1,0,0,This area does not face this threat,"<iframe width=""315"" height=""460"" frameborder=""0"" src=""https://www.globalforestwatch.org/embed/widget/carbonStock/country/AUS/10/74""></iframe>","<iframe width=""315"" height=""460"" frameborder=""0"" src=""https://www.globalforestwatch.org/embed/widget/whrc-biomass/country/AUS/10/74""></iframe>",This area does not face this threat
10,Mildura Rural City,1,81,1,1,1,226,"<iframe width=""630"" height=""460"" frameborder=""0"" src=""https://www.globalforestwatch.org/embed/widget/treeLoss/country/AUS/10/46?treeLoss=eyJpbnRlcmFjdGlvbiI6e319""></iframe>","<iframe width=""315"" height=""460"" frameborder=""0"" src=""https://www.globalforestwatch.org/embed/widget/carbonStock/country/AUS/10/46""></iframe>","<iframe width=""315"" height=""460"" frameborder=""0"" src=""https://www.globalforestwatch.org/embed/widget/whrc-biomass/country/AUS/10/46""></iframe>","<iframe width=""630"" height=""460"" frameborder=""0"" src=""https://www.globalforestwatch.org/embed/widget/firesAlerts/country/AUS/10/46?firesAlerts=eyJpbnRlcmFjdGlvbiI6e319""></iframe>"
11,Mount Alexander Shire,77,1.8,0,1,1,18,This area does not face this threat,"<iframe width=""315"" height=""460"" frameborder=""0"" src=""https://www.globalforestwatch.org/embed/widget/carbonStock/country/AUS/10/54""></iframe>","<iframe width=""315"" height=""460"" frameborder=""0"" src=""https://www.globalforestwatch.org/embed/widget/whrc-biomass/country/AUS/10/54""></iframe>","<iframe width=""630"" height=""460"" frameborder=""0"" src=""https://www.globalforestwatch.org/embed/widget/firesAlerts/country/AUS/10/54?firesAlerts=eyJpbnRlcmFjdGlvbiI6e319""></iframe>"
12,Latrobe City,6,38,1,0,1,29,"<iframe width=""630"" height=""460"" frameborder=""0"" src=""https://www.globalforestwatch.org/embed/widget/treeLoss/country/AUS/10/37?treeLoss=eyJpbnRlcmFjdGlvbiI6e319""></iframe>",This area does not face this threat,This area does not face this threat,"<iframe width=""630"" height=""460"" frameborder=""0"" src=""https://www.globalforestwatch.org/embed/widget/firesAlerts/country/AUS/10/37?firesAlerts=eyJpbnRlcmFjdGlvbiI6e319""></iframe>"
13,Greater Geelong City,76,1.9,0,1,1,11,This area does not face this threat,"<iframe width=""315"" height=""460"" frameborder=""0"" src=""https://www.globalforestwatch.org/embed/widget/carbonStock/country/AUS/10/27""></iframe>","<iframe width=""315"" height=""460"" frameborder=""0"" src=""https://www.globalforestwatch.org/embed/widget/whrc-biomass/country/AUS/10/27""></iframe>","<iframe width=""630"" height=""460"" frameborder=""0"" src=""https://www.globalforestwatch.org/embed/widget/firesAlerts/country/AUS/10/27?firesAlerts=eyJpbnRlcmFjdGlvbiI6e319""></iframe>"
14,Casey City,68,3.3,0,1,0,0,This area does not face this threat,"<iframe width=""315"" height=""460"" frameborder=""0"" src=""https://www.globalforestwatch.org/embed/widget/carbonStock/country/AUS/10/14""></iframe>","<iframe width=""315"" height=""460"" frameborder=""0"" src=""https://www.globalforestwatch.org/embed/widget/whrc-biomass/country/AUS/10/14""></iframe>",This area does not face this threat
15,Hindmarsh Shire,2,62,1,1,1,37,"<iframe width=""630"" height=""460"" frameborder=""0"" src=""https://www.globalforestwatch.org/embed/widget/treeLoss/country/AUS/10/30?treeLoss=eyJpbnRlcmFjdGlvbiI6e319""></iframe>","<iframe width=""315"" height=""460"" frameborder=""0"" src=""https://www.globalforestwatch.org/embed/widget/carbonStock/country/AUS/10/30""></iframe>","<iframe width=""315"" height=""460"" frameborder=""0"" src=""https://www.globalforestwatch.org/embed/widget/whrc-biomass/country/AUS/10/30""></iframe>","<iframe width=""630"" height=""460"" frameborder=""0"" src=""https://www.globalforestwatch.org/embed/widget/firesAlerts/country/AUS/10/30?firesAlerts=eyJpbnRlcmFjdGlvbiI6e319""></iframe>"
16,Buloke Shire,4,43,1,1,0,0,"<iframe width=""630"" height=""460"" frameborder=""0"" src=""https://www.globalforestwatch.org/embed/widget/treeLoss/country/AUS/10/11?treeLoss=eyJpbnRlcmFjdGlvbiI6e319""></iframe>","<iframe width=""315"" height=""460"" frameborder=""0"" src=""https://www.globalforestwatch.org/embed/widget/carbonStock/country/AUS/10/11""></iframe>","<iframe width=""315"" height=""460"" frameborder=""0"" src=""https://www.globalforestwatch.org/embed/widget/whrc-biomass/country/AUS/10/11""></iframe>",This area does not face this threat
17,Yarriambiack Shire,3,59,1,1,1,62,"<iframe width=""630"" height=""460"" frameborder=""0"" src=""https://www.globalforestwatch.org/embed/widget/treeLoss/country/AUS/10/80?treeLoss=eyJpbnRlcmFjdGlvbiI6e319""></iframe>","<iframe width=""315"" height=""460"" frameborder=""0"" src=""https://www.globalforestwatch.org/embed/widget/carbonStock/country/AUS/10/80""></iframe>","<iframe width=""315"" height=""460"" frameborder=""0"" src=""https://www.globalforestwatch.org/embed/widget/whrc-biomass/country/AUS/10/80""></iframe>","<iframe width=""630"" height=""460"" frameborder=""0"" src=""https://www.globalforestwatch.org/embed/widget/firesAlerts/country/AUS/10/80?firesAlerts=eyJpbnRlcmFjdGlvbiI6e319""></iframe>"
18,Moyne Shire,30,11,1,1,1,18,"<iframe width=""630"" height=""460"" frameborder=""0"" src=""https://www.globalforestwatch.org/embed/widget/treeLoss/country/AUS/10/55?treeLoss=eyJpbnRlcmFjdGlvbiI6e319""></iframe>","<iframe width=""315"" height=""460"" frameborder=""0"" src=""https://www.globalforestwatch.org/embed/widget/carbonStock/country/AUS/10/55""></iframe>","<iframe width=""315"" height=""460"" frameborder=""0"" src=""https://www.globalforestwatch.org/embed/widget/whrc-biomass/country/AUS/10/55""></iframe>","<iframe width=""630"" height=""460"" frameborder=""0"" src=""https://www.globalforestwatch.org/embed/widget/firesAlerts/country/AUS/10/55?firesAlerts=eyJpbnRlcmFjdGlvbiI6e319""></iframe>"
19,Maroondah City,41,7.4,0,1,0,0,This area does not face this threat,"<iframe width=""315"" height=""460"" frameborder=""0"" src=""https://www.globalforestwatch.org/embed/widget/carbonStock/country/AUS/10/43""></iframe>","<iframe width=""315"" height=""460"" frameborder=""0"" src=""https://www.globalforestwatch.org/embed/widget/whrc-biomass/country/AUS/10/43""></iframe>",This area does not face this threat
20,Ballarat City,8,34,1,1,1,52,"<iframe width=""630"" height=""460"" frameborder=""0"" src=""https://www.globalforestwatch.org/embed/widget/treeLoss/country/AUS/10/3?treeLoss=eyJpbnRlcmFjdGlvbiI6e319""></iframe>","<iframe width=""315"" height=""460"" frameborder=""0"" src=""https://www.globalforestwatch.org/embed/widget/carbonStock/country/AUS/10/3""></iframe>","<iframe width=""315"" height=""460"" frameborder=""0"" src=""https://www.globalforestwatch.org/embed/widget/whrc-biomass/country/AUS/10/3""></iframe>","<iframe width=""630"" height=""460"" frameborder=""0"" src=""https://www.globalforestwatch.org/embed/widget/firesAlerts/country/AUS/10/3?firesAlerts=eyJpbnRlcmFjdGlvbiI6e319""></iframe>"
21,Corangamite Shire,33,10,1,1,1,17,"<iframe width=""630"" height=""460"" frameborder=""0"" src=""https://www.globalforestwatch.org/embed/widget/treeLoss/country/AUS/10/17?treeLoss=eyJpbnRlcmFjdGlvbiI6e319""></iframe>","<iframe width=""315"" height=""460"" frameborder=""0"" src=""https://www.globalforestwatch.org/embed/widget/carbonStock/country/AUS/10/17""></iframe>","<iframe width=""315"" height=""460"" frameborder=""0"" src=""https://www.globalforestwatch.org/embed/widget/whrc-biomass/country/AUS/10/17""></iframe>","<iframe width=""630"" height=""460"" frameborder=""0"" src=""https://www.globalforestwatch.org/embed/widget/firesAlerts/country/AUS/10/17?firesAlerts=eyJpbnRlcmFjdGlvbiI6e319""></iframe>"
22,Pyrenees Shire,16,16,1,1,1,42,"<iframe width=""630"" height=""460"" frameborder=""0"" src=""https://www.globalforestwatch.org/embed/widget/treeLoss/country/AUS/10/60?treeLoss=eyJpbnRlcmFjdGlvbiI6e319""></iframe>","<iframe width=""315"" height=""460"" frameborder=""0"" src=""https://www.globalforestwatch.org/embed/widget/carbonStock/country/AUS/10/60""></iframe>","<iframe width=""315"" height=""460"" frameborder=""0"" src=""https://www.globalforestwatch.org/embed/widget/whrc-biomass/country/AUS/10/60""></iframe>","<iframe width=""630"" height=""460"" frameborder=""0"" src=""https://www.globalforestwatch.org/embed/widget/firesAlerts/country/AUS/10/60?firesAlerts=eyJpbnRlcmFjdGlvbiI6e319""></iframe>"
23,Melbourne City,36,8.4,1,1,0,0,"<iframe width=""630"" height=""460"" frameborder=""0"" src=""https://www.globalforestwatch.org/embed/widget/treeLoss/country/AUS/10/44?treeLoss=eyJpbnRlcmFjdGlvbiI6e319""></iframe>","<iframe width=""315"" height=""460"" frameborder=""0"" src=""https://www.globalforestwatch.org/embed/widget/carbonStock/country/AUS/10/44""></iframe>","<iframe width=""315"" height=""460"" frameborder=""0"" src=""https://www.globalforestwatch.org/embed/widget/whrc-biomass/country/AUS/10/44""></iframe>",This area does not face this threat
24,Strathbogie Shire,62,3.9,0,1,1,20,This area does not face this threat,"<iframe width=""315"" height=""460"" frameborder=""0"" src=""https://www.globalforestwatch.org/embed/widget/carbonStock/country/AUS/10/65""></iframe>","<iframe width=""315"" height=""460"" frameborder=""0"" src=""https://www.globalforestwatch.org/embed/widget/whrc-biomass/country/AUS/10/65""></iframe>","<iframe width=""630"" height=""460"" frameborder=""0"" src=""https://www.globalforestwatch.org/embed/widget/firesAlerts/country/AUS/10/65?firesAlerts=eyJpbnRlcmFjdGlvbiI6e319""></iframe>"
25,Towong Shire,57,4.2,0,0,1,76,This area does not face this threat,This area does not face this threat,This area does not face this threat,"<iframe width=""630"" height=""460"" frameborder=""0"" src=""https://www.globalforestwatch.org/embed/widget/firesAlerts/country/AUS/10/68?firesAlerts=eyJpbnRlcmFjdGlvbiI6e319""></iframe>"
26,West Wimmera Shire,7,37,1,0,1,85,"<iframe width=""630"" height=""460"" frameborder=""0"" src=""https://www.globalforestwatch.org/embed/widget/treeLoss/country/AUS/10/73?treeLoss=eyJpbnRlcmFjdGlvbiI6e319""></iframe>",This area does not face this threat,This area does not face this threat,"<iframe width=""630"" height=""460"" frameborder=""0"" src=""https://www.globalforestwatch.org/embed/widget/firesAlerts/country/AUS/10/73?firesAlerts=eyJpbnRlcmFjdGlvbiI6e319""></iframe>"
27,Baw Baw Shire,31,11,1,0,1,83,"<iframe width=""630"" height=""460"" frameborder=""0"" src=""https://www.globalforestwatch.org/embed/widget/treeLoss/country/AUS/10/6?treeLoss=eyJpbnRlcmFjdGlvbiI6e319""></iframe>",This area does not face this threat,This area does not face this threat,"<iframe width=""630"" height=""460"" frameborder=""0"" src=""https://www.globalforestwatch.org/embed/widget/firesAlerts/country/AUS/10/6?firesAlerts=eyJpbnRlcmFjdGlvbiI6e319""></iframe>"
28,Swan Hill Rural City,18,15,1,1,1,14,"<iframe width=""630"" height=""460"" frameborder=""0"" src=""https://www.globalforestwatch.org/embed/widget/treeLoss/country/AUS/10/67?treeLoss=eyJpbnRlcmFjdGlvbiI6e319""></iframe>","<iframe width=""315"" height=""460"" frameborder=""0"" src=""https://www.globalforestwatch.org/embed/widget/carbonStock/country/AUS/10/67""></iframe>","<iframe width=""315"" height=""460"" frameborder=""0"" src=""https://www.globalforestwatch.org/embed/widget/whrc-biomass/country/AUS/10/67""></iframe>","<iframe width=""630"" height=""460"" frameborder=""0"" src=""https://www.globalforestwatch.org/embed/widget/firesAlerts/country/AUS/10/67?firesAlerts=eyJpbnRlcmFjdGlvbiI6e319""></iframe>"
29,Moonee Valley City,51,5.2,0,1,0,0,This area does not face this threat,"<iframe width=""315"" height=""460"" frameborder=""0"" src=""https://www.globalforestwatch.org/embed/widget/carbonStock/country/AUS/10/50""></iframe>","<iframe width=""315"" height=""460"" frameborder=""0"" src=""https://www.globalforestwatch.org/embed/widget/whrc-biomass/country/AUS/10/50""></iframe>",This area does not face this threat
30,Banyule City,67,3.4,0,1,0,0,This area does not face this threat,"<iframe width=""315"" height=""460"" frameborder=""0"" src=""https://www.globalforestwatch.org/embed/widget/carbonStock/country/AUS/10/4""></iframe>","<iframe width=""315"" height=""460"" frameborder=""0"" src=""https://www.globalforestwatch.org/embed/widget/whrc-biomass/country/AUS/10/4""></iframe>",This area does not face this threat
31,Wyndham City,61,3.9,0,1,0,0,This area does not face this threat,"<iframe width=""315"" height=""460"" frameborder=""0"" src=""https://www.globalforestwatch.org/embed/widget/carbonStock/country/AUS/10/77""></iframe>","<iframe width=""315"" height=""460"" frameborder=""0"" src=""https://www.globalforestwatch.org/embed/widget/whrc-biomass/country/AUS/10/77""></iframe>",This area does not face this threat
32,Gannawarra Shire,47,6,0,1,1,15,This area does not face this threat,"<iframe width=""315"" height=""460"" frameborder=""0"" src=""https://www.globalforestwatch.org/embed/widget/carbonStock/country/AUS/10/21""></iframe>","<iframe width=""315"" height=""460"" frameborder=""0"" src=""https://www.globalforestwatch.org/embed/widget/whrc-biomass/country/AUS/10/21""></iframe>","<iframe width=""630"" height=""460"" frameborder=""0"" src=""https://www.globalforestwatch.org/embed/widget/firesAlerts/country/AUS/10/21?firesAlerts=eyJpbnRlcmFjdGlvbiI6e319""></iframe>"
33,Mansfield Shire,52,4.7,0,0,1,34,This area does not face this threat,This area does not face this threat,This area does not face this threat,"<iframe width=""630"" height=""460"" frameborder=""0"" src=""https://www.globalforestwatch.org/embed/widget/firesAlerts/country/AUS/10/41?firesAlerts=eyJpbnRlcmFjdGlvbiI6e319""></iframe>"
34,Greater Shepparton City,40,7.4,1,1,1,37,"<iframe width=""630"" height=""460"" frameborder=""0"" src=""https://www.globalforestwatch.org/embed/widget/treeLoss/country/AUS/10/28?treeLoss=eyJpbnRlcmFjdGlvbiI6e319""></iframe>","<iframe width=""315"" height=""460"" frameborder=""0"" src=""https://www.globalforestwatch.org/embed/widget/carbonStock/country/AUS/10/28""></iframe>","<iframe width=""315"" height=""460"" frameborder=""0"" src=""https://www.globalforestwatch.org/embed/widget/whrc-biomass/country/AUS/10/28""></iframe>","<iframe width=""630"" height=""460"" frameborder=""0"" src=""https://www.globalforestwatch.org/embed/widget/firesAlerts/country/AUS/10/28?firesAlerts=eyJpbnRlcmFjdGlvbiI6e319""></iframe>"
35,Glenelg Shire,10,30,1,0,1,61,"<iframe width=""630"" height=""460"" frameborder=""0"" src=""https://www.globalforestwatch.org/embed/widget/treeLoss/country/AUS/10/23?treeLoss=eyJpbnRlcmFjdGlvbiI6e319""></iframe>",This area does not face this threat,This area does not face this threat,"<iframe width=""630"" height=""460"" frameborder=""0"" src=""https://www.globalforestwatch.org/embed/widget/firesAlerts/country/AUS/10/23?firesAlerts=eyJpbnRlcmFjdGlvbiI6e319""></iframe>"
36,Manningham City,70,2.5,0,1,0,0,This area does not face this threat,"<iframe width=""315"" height=""460"" frameborder=""0"" src=""https://www.globalforestwatch.org/embed/widget/carbonStock/country/AUS/10/40""></iframe>","<iframe width=""315"" height=""460"" frameborder=""0"" src=""https://www.globalforestwatch.org/embed/widget/whrc-biomass/country/AUS/10/40""></iframe>",This area does not face this threat
37,Nillumbik Shire,53,4.5,0,1,0,0,This area does not face this threat,"<iframe width=""315"" height=""460"" frameborder=""0"" src=""https://www.globalforestwatch.org/embed/widget/carbonStock/country/AUS/10/57""></iframe>","<iframe width=""315"" height=""460"" frameborder=""0"" src=""https://www.globalforestwatch.org/embed/widget/whrc-biomass/country/AUS/10/57""></iframe>",This area does not face this threat
38,Hume City,43,6.7,0,1,1,14,This area does not face this threat,"<iframe width=""315"" height=""460"" frameborder=""0"" src=""https://www.globalforestwatch.org/embed/widget/carbonStock/country/AUS/10/33""></iframe>","<iframe width=""315"" height=""460"" frameborder=""0"" src=""https://www.globalforestwatch.org/embed/widget/whrc-biomass/country/AUS/10/33""></iframe>","<iframe width=""630"" height=""460"" frameborder=""0"" src=""https://www.globalforestwatch.org/embed/widget/firesAlerts/country/AUS/10/33?firesAlerts=eyJpbnRlcmFjdGlvbiI6e319""></iframe>"
39,Hobsons Bay City,13,21,1,1,0,0,"<iframe width=""630"" height=""460"" frameborder=""0"" src=""https://www.globalforestwatch.org/embed/widget/treeLoss/country/AUS/10/31?treeLoss=eyJpbnRlcmFjdGlvbiI6e319""></iframe>","<iframe width=""315"" height=""460"" frameborder=""0"" src=""https://www.globalforestwatch.org/embed/widget/carbonStock/country/AUS/10/31""></iframe>","<iframe width=""315"" height=""460"" frameborder=""0"" src=""https://www.globalforestwatch.org/embed/widget/whrc-biomass/country/AUS/10/31""></iframe>",This area does not face this threat
40,Moorabool Shire,46,6,0,0,1,42,This area does not face this threat,This area does not face this threat,This area does not face this threat,"<iframe width=""630"" height=""460"" frameborder=""0"" src=""https://www.globalforestwatch.org/embed/widget/firesAlerts/country/AUS/10/51?firesAlerts=eyJpbnRlcmFjdGlvbiI6e319""></iframe>"
41,Boroondara City,63,3.7,0,1,0,0,This area does not face this threat,"<iframe width=""315"" height=""460"" frameborder=""0"" src=""https://www.globalforestwatch.org/embed/widget/carbonStock/country/AUS/10/9""></iframe>","<iframe width=""315"" height=""460"" frameborder=""0"" src=""https://www.globalforestwatch.org/embed/widget/whrc-biomass/country/AUS/10/9""></iframe>",This area does not face this threat
42,Unincorporated Victoria,23,13,1,1,1,95,"<iframe width=""630"" height=""460"" frameborder=""0"" src=""https://www.globalforestwatch.org/embed/widget/treeLoss/country/AUS/10/69?treeLoss=eyJpbnRlcmFjdGlvbiI6e319""></iframe>","<iframe width=""315"" height=""460"" frameborder=""0"" src=""https://www.globalforestwatch.org/embed/widget/carbonStock/country/AUS/10/69""></iframe>","<iframe width=""315"" height=""460"" frameborder=""0"" src=""https://www.globalforestwatch.org/embed/widget/whrc-biomass/country/AUS/10/69""></iframe>","<iframe width=""630"" height=""460"" frameborder=""0"" src=""https://www.globalforestwatch.org/embed/widget/firesAlerts/country/AUS/10/69?firesAlerts=eyJpbnRlcmFjdGlvbiI6e319""></iframe>"
43,Queenscliffe Borough,78,1.2,0,1,0,0,This area does not face this threat,"<iframe width=""315"" height=""460"" frameborder=""0"" src=""https://www.globalforestwatch.org/embed/widget/carbonStock/country/AUS/10/61""></iframe>","<iframe width=""315"" height=""460"" frameborder=""0"" src=""https://www.globalforestwatch.org/embed/widget/whrc-biomass/country/AUS/10/61""></iframe>",This area does not face this threat
44,Greater Bendigo City,80,0.94,0,1,1,21,This area does not face this threat,"<iframe width=""315"" height=""460"" frameborder=""0"" src=""https://www.globalforestwatch.org/embed/widget/carbonStock/country/AUS/10/25""></iframe>","<iframe width=""315"" height=""460"" frameborder=""0"" src=""https://www.globalforestwatch.org/embed/widget/whrc-biomass/country/AUS/10/25""></iframe>","<iframe width=""630"" height=""460"" frameborder=""0"" src=""https://www.globalforestwatch.org/embed/widget/firesAlerts/country/AUS/10/25?firesAlerts=eyJpbnRlcmFjdGlvbiI6e319""></iframe>"
45,Frankston City,19,15,1,1,1,13,"<iframe width=""630"" height=""460"" frameborder=""0"" src=""https://www.globalforestwatch.org/embed/widget/treeLoss/country/AUS/10/20?treeLoss=eyJpbnRlcmFjdGlvbiI6e319""></iframe>","<iframe width=""315"" height=""460"" frameborder=""0"" src=""https://www.globalforestwatch.org/embed/widget/carbonStock/country/AUS/10/20""></iframe>","<iframe width=""315"" height=""460"" frameborder=""0"" src=""https://www.globalforestwatch.org/embed/widget/whrc-biomass/country/AUS/10/20""></iframe>","<iframe width=""630"" height=""460"" frameborder=""0"" src=""https://www.globalforestwatch.org/embed/widget/firesAlerts/country/AUS/10/20?firesAlerts=eyJpbnRlcmFjdGlvbiI6e319""></iframe>"
46,Alpine Shire,35,9.5,1,0,1,1274,"<iframe width=""630"" height=""460"" frameborder=""0"" src=""https://www.globalforestwatch.org/embed/widget/treeLoss/country/AUS/10/1?treeLoss=eyJpbnRlcmFjdGlvbiI6e319""></iframe>",This area does not face this threat,This area does not face this threat,"<iframe width=""630"" height=""460"" frameborder=""0"" src=""https://www.globalforestwatch.org/embed/widget/firesAlerts/country/AUS/10/1?firesAlerts=eyJpbnRlcmFjdGlvbiI6e319""></iframe>"
47,Campaspe Shire,73,2,0,1,1,16,This area does not face this threat,"<iframe width=""315"" height=""460"" frameborder=""0"" src=""https://www.globalforestwatch.org/embed/widget/carbonStock/country/AUS/10/12""></iframe>","<iframe width=""315"" height=""460"" frameborder=""0"" src=""https://www.globalforestwatch.org/embed/widget/whrc-biomass/country/AUS/10/12""></iframe>","<iframe width=""630"" height=""460"" frameborder=""0"" src=""https://www.globalforestwatch.org/embed/widget/firesAlerts/country/AUS/10/12?firesAlerts=eyJpbnRlcmFjdGlvbiI6e319""></iframe>"
48,Surf Coast Shire,65,3.6,0,1,0,0,This area does not face this threat,"<iframe width=""315"" height=""460"" frameborder=""0"" src=""https://www.globalforestwatch.org/embed/widget/carbonStock/country/AUS/10/66""></iframe>","<iframe width=""315"" height=""460"" frameborder=""0"" src=""https://www.globalforestwatch.org/embed/widget/whrc-biomass/country/AUS/10/66""></iframe>",This area does not face this threat
49,Melton City,79,0.95,0,1,0,0,This area does not face this threat,"<iframe width=""315"" height=""460"" frameborder=""0"" src=""https://www.globalforestwatch.org/embed/widget/carbonStock/country/AUS/10/45""></iframe>","<iframe width=""315"" height=""460"" frameborder=""0"" src=""https://www.globalforestwatch.org/embed/widget/whrc-biomass/country/AUS/10/45""></iframe>",This area does not face this threat
50,Port Phillip City,48,5.9,0,1,0,0,This area does not face this threat,"<iframe width=""315"" height=""460"" frameborder=""0"" src=""https://www.globalforestwatch.org/embed/widget/carbonStock/country/AUS/10/59""></iframe>","<iframe width=""315"" height=""460"" frameborder=""0"" src=""https://www.globalforestwatch.org/embed/widget/whrc-biomass/country/AUS/10/59""></iframe>",This area does not face this threat
51,Moreland City,39,7.5,1,1,0,0,"<iframe width=""630"" height=""460"" frameborder=""0"" src=""https://www.globalforestwatch.org/embed/widget/treeLoss/country/AUS/10/52?treeLoss=eyJpbnRlcmFjdGlvbiI6e319""></iframe>","<iframe width=""315"" height=""460"" frameborder=""0"" src=""https://www.globalforestwatch.org/embed/widget/carbonStock/country/AUS/10/52""></iframe>","<iframe width=""315"" height=""460"" frameborder=""0"" src=""https://www.globalforestwatch.org/embed/widget/whrc-biomass/country/AUS/10/52""></iframe>",This area does not face this threat
52,Cardinia Shire,66,3.5,0,1,1,15,This area does not face this threat,"<iframe width=""315"" height=""460"" frameborder=""0"" src=""https://www.globalforestwatch.org/embed/widget/carbonStock/country/AUS/10/13""></iframe>","<iframe width=""315"" height=""460"" frameborder=""0"" src=""https://www.globalforestwatch.org/embed/widget/whrc-biomass/country/AUS/10/13""></iframe>","<iframe width=""630"" height=""460"" frameborder=""0"" src=""https://www.globalforestwatch.org/embed/widget/firesAlerts/country/AUS/10/13?firesAlerts=eyJpbnRlcmFjdGlvbiI6e319""></iframe>"
53,Stonnington City,49,5.4,0,1,0,0,This area does not face this threat,"<iframe width=""315"" height=""460"" frameborder=""0"" src=""https://www.globalforestwatch.org/embed/widget/carbonStock/country/AUS/10/64""></iframe>","<iframe width=""315"" height=""460"" frameborder=""0"" src=""https://www.globalforestwatch.org/embed/widget/whrc-biomass/country/AUS/10/64""></iframe>",This area does not face this threat
54,South Gippsland Shire,27,11,1,0,1,126,"<iframe width=""630"" height=""460"" frameborder=""0"" src=""https://www.globalforestwatch.org/embed/widget/treeLoss/country/AUS/10/62?treeLoss=eyJpbnRlcmFjdGlvbiI6e319""></iframe>",This area does not face this threat,This area does not face this threat,"<iframe width=""630"" height=""460"" frameborder=""0"" src=""https://www.globalforestwatch.org/embed/widget/firesAlerts/country/AUS/10/62?firesAlerts=eyJpbnRlcmFjdGlvbiI6e319""></iframe>"
55,Kingston City,24,12,1,1,0,0,"<iframe width=""630"" height=""460"" frameborder=""0"" src=""https://www.globalforestwatch.org/embed/widget/treeLoss/country/AUS/10/35?treeLoss=eyJpbnRlcmFjdGlvbiI6e319""></iframe>","<iframe width=""315"" height=""460"" frameborder=""0"" src=""https://www.globalforestwatch.org/embed/widget/carbonStock/country/AUS/10/35""></iframe>","<iframe width=""315"" height=""460"" frameborder=""0"" src=""https://www.globalforestwatch.org/embed/widget/whrc-biomass/country/AUS/10/35""></iframe>",This area does not face this threat
56,Golden Plains Shire,5,40,1,1,1,40,"<iframe width=""630"" height=""460"" frameborder=""0"" src=""https://www.globalforestwatch.org/embed/widget/treeLoss/country/AUS/10/24?treeLoss=eyJpbnRlcmFjdGlvbiI6e319""></iframe>","<iframe width=""315"" height=""460"" frameborder=""0"" src=""https://www.globalforestwatch.org/embed/widget/carbonStock/country/AUS/10/24""></iframe>","<iframe width=""315"" height=""460"" frameborder=""0"" src=""https://www.globalforestwatch.org/embed/widget/whrc-biomass/country/AUS/10/24""></iframe>","<iframe width=""630"" height=""460"" frameborder=""0"" src=""https://www.globalforestwatch.org/embed/widget/firesAlerts/country/AUS/10/24?firesAlerts=eyJpbnRlcmFjdGlvbiI6e319""></iframe>"
57,Macedon Ranges Shire,42,7.4,0,1,1,603,This area does not face this threat,"<iframe width=""315"" height=""460"" frameborder=""0"" src=""https://www.globalforestwatch.org/embed/widget/carbonStock/country/AUS/10/39""></iframe>","<iframe width=""315"" height=""460"" frameborder=""0"" src=""https://www.globalforestwatch.org/embed/widget/whrc-biomass/country/AUS/10/39""></iframe>","<iframe width=""630"" height=""460"" frameborder=""0"" src=""https://www.globalforestwatch.org/embed/widget/firesAlerts/country/AUS/10/39?firesAlerts=eyJpbnRlcmFjdGlvbiI6e319""></iframe>"
58,Mornington Peninsula Shire,54,4.4,0,1,1,12,This area does not face this threat,"<iframe width=""315"" height=""460"" frameborder=""0"" src=""https://www.globalforestwatch.org/embed/widget/carbonStock/country/AUS/10/53""></iframe>","<iframe width=""315"" height=""460"" frameborder=""0"" src=""https://www.globalforestwatch.org/embed/widget/whrc-biomass/country/AUS/10/53""></iframe>","<iframe width=""630"" height=""460"" frameborder=""0"" src=""https://www.globalforestwatch.org/embed/widget/firesAlerts/country/AUS/10/53?firesAlerts=eyJpbnRlcmFjdGlvbiI6e319""></iframe>"
59,Benalla Rural City,22,15,1,0,1,29,"<iframe width=""630"" height=""460"" frameborder=""0"" src=""https://www.globalforestwatch.org/embed/widget/treeLoss/country/AUS/10/8?treeLoss=eyJpbnRlcmFjdGlvbiI6e319""></iframe>",This area does not face this threat,This area does not face this threat,"<iframe width=""630"" height=""460"" frameborder=""0"" src=""https://www.globalforestwatch.org/embed/widget/firesAlerts/country/AUS/10/8?firesAlerts=eyJpbnRlcmFjdGlvbiI6e319""></iframe>"
60,Wodonga City,56,4.3,0,1,0,0,This area does not face this threat,"<iframe width=""315"" height=""460"" frameborder=""0"" src=""https://www.globalforestwatch.org/embed/widget/carbonStock/country/AUS/10/76""></iframe>","<iframe width=""315"" height=""460"" frameborder=""0"" src=""https://www.globalforestwatch.org/embed/widget/whrc-biomass/country/AUS/10/76""></iframe>",This area does not face this threat
61,Southern Grampians Shire,21,15,1,0,1,40,"<iframe width=""630"" height=""460"" frameborder=""0"" src=""https://www.globalforestwatch.org/embed/widget/treeLoss/country/AUS/10/63?treeLoss=eyJpbnRlcmFjdGlvbiI6e319""></iframe>",This area does not face this threat,This area does not face this threat,"<iframe width=""630"" height=""460"" frameborder=""0"" src=""https://www.globalforestwatch.org/embed/widget/firesAlerts/country/AUS/10/63?firesAlerts=eyJpbnRlcmFjdGlvbiI6e319""></iframe>"
62,Knox City,44,6.6,0,1,0,0,This area does not face this threat,"<iframe width=""315"" height=""460"" frameborder=""0"" src=""https://www.globalforestwatch.org/embed/widget/carbonStock/country/AUS/10/36""></iframe>","<iframe width=""315"" height=""460"" frameborder=""0"" src=""https://www.globalforestwatch.org/embed/widget/whrc-biomass/country/AUS/10/36""></iframe>",This area does not face this threat
63,Murrindindi Shire,12,23,1,0,1,46,"<iframe width=""630"" height=""460"" frameborder=""0"" src=""https://www.globalforestwatch.org/embed/widget/treeLoss/country/AUS/10/56?treeLoss=eyJpbnRlcmFjdGlvbiI6e319""></iframe>",This area does not face this threat,This area does not face this threat,"<iframe width=""630"" height=""460"" frameborder=""0"" src=""https://www.globalforestwatch.org/embed/widget/firesAlerts/country/AUS/10/56?firesAlerts=eyJpbnRlcmFjdGlvbiI6e319""></iframe>"
64,Wangaratta Rural City,50,5.4,0,0,1,24,This area does not face this threat,This area does not face this threat,This area does not face this threat,"<iframe width=""630"" height=""460"" frameborder=""0"" src=""https://www.globalforestwatch.org/embed/widget/firesAlerts/country/AUS/10/70?firesAlerts=eyJpbnRlcmFjdGlvbiI6e319""></iframe>"
65,Central Goldfields Shire,69,2.8,0,1,0,0,This area does not face this threat,"<iframe width=""315"" height=""460"" frameborder=""0"" src=""https://www.globalforestwatch.org/embed/widget/carbonStock/country/AUS/10/15""></iframe>","<iframe width=""315"" height=""460"" frameborder=""0"" src=""https://www.globalforestwatch.org/embed/widget/whrc-biomass/country/AUS/10/15""></iframe>",This area does not face this threat
66,Monash City,58,4.1,0,1,0,0,This area does not face this threat,"<iframe width=""315"" height=""460"" frameborder=""0"" src=""https://www.globalforestwatch.org/embed/widget/carbonStock/country/AUS/10/49""></iframe>","<iframe width=""315"" height=""460"" frameborder=""0"" src=""https://www.globalforestwatch.org/embed/widget/whrc-biomass/country/AUS/10/49""></iframe>",This area does not face this threat
67,Maribyrnong City,71,2.3,0,1,0,0,This area does not face this threat,"<iframe width=""315"" height=""460"" frameborder=""0"" src=""https://www.globalforestwatch.org/embed/widget/carbonStock/country/AUS/10/42""></iframe>","<iframe width=""315"" height=""460"" frameborder=""0"" src=""https://www.globalforestwatch.org/embed/widget/whrc-biomass/country/AUS/10/42""></iframe>",This area does not face this threat
68,Glen Eira City,14,18,1,1,0,0,"<iframe width=""630"" height=""460"" frameborder=""0"" src=""https://www.globalforestwatch.org/embed/widget/treeLoss/country/AUS/10/22?treeLoss=eyJpbnRlcmFjdGlvbiI6e319""></iframe>","<iframe width=""315"" height=""460"" frameborder=""0"" src=""https://www.globalforestwatch.org/embed/widget/carbonStock/country/AUS/10/22""></iframe>","<iframe width=""315"" height=""460"" frameborder=""0"" src=""https://www.globalforestwatch.org/embed/widget/whrc-biomass/country/AUS/10/22""></iframe>",This area does not face this threat
69,Whittlesea City,17,16,1,1,1,15,"<iframe width=""630"" height=""460"" frameborder=""0"" src=""https://www.globalforestwatch.org/embed/widget/treeLoss/country/AUS/10/75?treeLoss=eyJpbnRlcmFjdGlvbiI6e319""></iframe>","<iframe width=""315"" height=""460"" frameborder=""0"" src=""https://www.globalforestwatch.org/embed/widget/carbonStock/country/AUS/10/75""></iframe>","<iframe width=""315"" height=""460"" frameborder=""0"" src=""https://www.globalforestwatch.org/embed/widget/whrc-biomass/country/AUS/10/75""></iframe>","<iframe width=""630"" height=""460"" frameborder=""0"" src=""https://www.globalforestwatch.org/embed/widget/firesAlerts/country/AUS/10/75?firesAlerts=eyJpbnRlcmFjdGlvbiI6e319""></iframe>"
70,Yarra City,74,2,0,1,0,0,This area does not face this threat,"<iframe width=""315"" height=""460"" frameborder=""0"" src=""https://www.globalforestwatch.org/embed/widget/carbonStock/country/AUS/10/78""></iframe>","<iframe width=""315"" height=""460"" frameborder=""0"" src=""https://www.globalforestwatch.org/embed/widget/whrc-biomass/country/AUS/10/78""></iframe>",This area does not face this threat
71,Warrnambool City,59,4,0,1,0,0,This area does not face this threat,"<iframe width=""315"" height=""460"" frameborder=""0"" src=""https://www.globalforestwatch.org/embed/widget/carbonStock/country/AUS/10/71""></iframe>","<iframe width=""315"" height=""460"" frameborder=""0"" src=""https://www.globalforestwatch.org/embed/widget/whrc-biomass/country/AUS/10/71""></iframe>",This area does not face this threat
72,Brimbank City,72,2.2,0,1,1,11,This area does not face this threat,"<iframe width=""315"" height=""460"" frameborder=""0"" src=""https://www.globalforestwatch.org/embed/widget/carbonStock/country/AUS/10/10""></iframe>","<iframe width=""315"" height=""460"" frameborder=""0"" src=""https://www.globalforestwatch.org/embed/widget/whrc-biomass/country/AUS/10/10""></iframe>","<iframe width=""630"" height=""460"" frameborder=""0"" src=""https://www.globalforestwatch.org/embed/widget/firesAlerts/country/AUS/10/10?firesAlerts=eyJpbnRlcmFjdGlvbiI6e319""></iframe>"
73,Indigo Shire,34,10,1,0,1,27,"<iframe width=""630"" height=""460"" frameborder=""0"" src=""https://www.globalforestwatch.org/embed/widget/treeLoss/country/AUS/10/34?treeLoss=eyJpbnRlcmFjdGlvbiI6e319""></iframe>",This area does not face this threat,This area does not face this threat,"<iframe width=""630"" height=""460"" frameborder=""0"" src=""https://www.globalforestwatch.org/embed/widget/firesAlerts/country/AUS/10/34?firesAlerts=eyJpbnRlcmFjdGlvbiI6e319""></iframe>"
74,Northern Grampians Shire,9,34,1,0,1,22,"<iframe width=""630"" height=""460"" frameborder=""0"" src=""https://www.globalforestwatch.org/embed/widget/treeLoss/country/AUS/10/58?treeLoss=eyJpbnRlcmFjdGlvbiI6e319""></iframe>",This area does not face this threat,This area does not face this threat,"<iframe width=""630"" height=""460"" frameborder=""0"" src=""https://www.globalforestwatch.org/embed/widget/firesAlerts/country/AUS/10/58?firesAlerts=eyJpbnRlcmFjdGlvbiI6e319""></iframe>"
75,Wellington Shire,32,11,1,0,1,818,"<iframe width=""630"" height=""460"" frameborder=""0"" src=""https://www.globalforestwatch.org/embed/widget/treeLoss/country/AUS/10/72?treeLoss=eyJpbnRlcmFjdGlvbiI6e319""></iframe>",This area does not face this threat,This area does not face this threat,"<iframe width=""630"" height=""460"" frameborder=""0"" src=""https://www.globalforestwatch.org/embed/widget/firesAlerts/country/AUS/10/72?firesAlerts=eyJpbnRlcmFjdGlvbiI6e319""></iframe>"
76,Ararat Rural City,28,11,1,1,1,34,"<iframe width=""630"" height=""460"" frameborder=""0"" src=""https://www.globalforestwatch.org/embed/widget/treeLoss/country/AUS/10/2?treeLoss=eyJpbnRlcmFjdGlvbiI6e319""></iframe>","<iframe width=""315"" height=""460"" frameborder=""0"" src=""https://www.globalforestwatch.org/embed/widget/carbonStock/country/AUS/10/2""></iframe>","<iframe width=""315"" height=""460"" frameborder=""0"" src=""https://www.globalforestwatch.org/embed/widget/whrc-biomass/country/AUS/10/2""></iframe>","<iframe width=""630"" height=""460"" frameborder=""0"" src=""https://www.globalforestwatch.org/embed/widget/firesAlerts/country/AUS/10/2?firesAlerts=eyJpbnRlcmFjdGlvbiI6e319""></iframe>"
77,Colac Otway Shire,26,12,1,0,1,19,"<iframe width=""630"" height=""460"" frameborder=""0"" src=""https://www.globalforestwatch.org/embed/widget/treeLoss/country/AUS/10/16?treeLoss=eyJpbnRlcmFjdGlvbiI6e319""></iframe>",This area does not face this threat,This area does not face this threat,"<iframe width=""630"" height=""460"" frameborder=""0"" src=""https://www.globalforestwatch.org/embed/widget/firesAlerts/country/AUS/10/16?firesAlerts=eyJpbnRlcmFjdGlvbiI6e319""></iframe>"
78,Yarra Ranges Shire,37,8.3,1,0,1,41,"<iframe width=""630"" height=""460"" frameborder=""0"" src=""https://www.globalforestwatch.org/embed/widget/treeLoss/country/AUS/10/79?treeLoss=eyJpbnRlcmFjdGlvbiI6e319""></iframe>",This area does not face this threat,This area does not face this threat,"<iframe width=""630"" height=""460"" frameborder=""0"" src=""https://www.globalforestwatch.org/embed/widget/firesAlerts/country/AUS/10/79?firesAlerts=eyJpbnRlcmFjdGlvbiI6e319""></iframe>"
79,East Gippsland Shire,45,6.5,0,0,1,4083,This area does not face this threat,This area does not face this threat,This area does not face this threat,"<iframe width=""630"" height=""460"" frameborder=""0"" src=""https://www.globalforestwatch.org/embed/widget/firesAlerts/country/AUS/10/19?firesAlerts=eyJpbnRlcmFjdGlvbiI6e319""></iframe>"
80,Darebin City,29,11,1,1,0,0,"<iframe width=""630"" height=""460"" frameborder=""0"" src=""https://www.globalforestwatch.org/embed/widget/treeLoss/country/AUS/10/18?treeLoss=eyJpbnRlcmFjdGlvbiI6e319""></iframe>","<iframe width=""315"" height=""460"" frameborder=""0"" src=""https://www.globalforestwatch.org/embed/widget/carbonStock/country/AUS/10/18""></iframe>","<iframe width=""315"" height=""460"" frameborder=""0"" src=""https://www.globalforestwatch.org/embed/widget/whrc-biomass/country/AUS/10/18""></iframe>",This area does not face this threat
